maze_id,bfs_length,dfs_length,astar_length,llm_length,llm_success,bfs_time,dfs_time,astar_time
0,29,31,29,0,False,0.00020122528076171875,0.0001900196075439453,0.00020885467529296875
1,21,23,21,0,False,0.00010728836059570312,8.0108642578125e-05,5.555152893066406e-05
2,21,35,21,0,False,0.00017976760864257812,0.0001957416534423828,0.00025177001953125
3,21,21,21,0,False,0.00019097328186035156,0.0001819133758544922,0.00029754638671875
4,29,37,29,0,False,0.00023436546325683594,0.0002295970916748047,0.0005424022674560547
